mode	pred_len	seed	best_epoch	stop_epoch	best_val_mse	last_val_mse	diagnosis	test_mse	test_base_mse	status
early_stop	24	2024	80	-	0.221357	0.221357	UNDERFIT_SUSPECTED(best_epoch_at_max_epochs)	0.44657009840011597	0.4365770220756531	ok
full_search	24	2024	80	-	0.221356	0.221356	UNDERFIT_SUSPECTED(best_epoch_at_max_epochs)	0.4465782642364502	0.4365851581096649	ok
early_stop	96	2025	80	-	0.391698	0.391698	UNDERFIT_SUSPECTED(best_epoch_at_max_epochs)	1.358055830001831	1.3281207084655762	ok
full_search	96	2025	80	-	0.391698	0.391698	UNDERFIT_SUSPECTED(best_epoch_at_max_epochs)	1.358061671257019	1.3281269073486328	ok
early_stop	192	2026	80	-	0.372911	0.372911	UNDERFIT_SUSPECTED(best_epoch_at_max_epochs)	1.4720855951309204	1.432867169380188	ok
full_search	192	2026	80	-	0.372911	0.372911	UNDERFIT_SUSPECTED(best_epoch_at_max_epochs)	1.4720861911773682	1.432867407798767	ok
early_stop	336	2027	80	-	0.397260	0.397260	UNDERFIT_SUSPECTED(best_epoch_at_max_epochs)	1.5450096130371094	1.5052433013916016	ok
full_search	336	2027	80	-	0.397260	0.397260	UNDERFIT_SUSPECTED(best_epoch_at_max_epochs)	1.5450109243392944	1.5052446126937866	ok
early_stop	720	2028	80	-	0.607280	0.607280	UNDERFIT_SUSPECTED(best_epoch_at_max_epochs)	0.8474113345146179	0.8474113345146179	ok
full_search	720	2028	80	-	0.607280	0.607280	UNDERFIT_SUSPECTED(best_epoch_at_max_epochs)	0.8474109172821045	0.8474109172821045	ok
